County	State province	Country
Fairfield	Connecticut	USA
Hartford	Connecticut	USA
Litchfield	Connecticut	USA
Middlesex	Connecticut	USA
New Haven	Connecticut	USA
New London	Connecticut	USA
Tolland	Connecticut	USA
Windham	Connecticut	USA
Kent	Delaware	USA
New Castle	Delaware	USA
Sussex	Delaware	USA
Adams	Illinois	USA
Alexander	Illinois	USA
Bond	Illinois	USA
Boone	Illinois	USA
Brown	Illinois	USA
Bureau	Illinois	USA
Calhoun	Illinois	USA
Carroll	Illinois	USA
Cass	Illinois	USA
Champaign	Illinois	USA
Christian	Illinois	USA
Clark	Illinois	USA
Clay	Illinois	USA
Clinton	Illinois	USA
Coles	Illinois	USA
Cook	Illinois	USA
Crawford	Illinois	USA
Cumberland	Illinois	USA
DeKalb	Illinois	USA
De Witt	Illinois	USA
Douglas	Illinois	USA
DuPage	Illinois	USA
Edgar	Illinois	USA
Edwards	Illinois	USA
Effingham	Illinois	USA
Fayette	Illinois	USA
Ford	Illinois	USA
Franklin	Illinois	USA
Fulton	Illinois	USA
Gallatin	Illinois	USA
Greene	Illinois	USA
Grundy	Illinois	USA
Hamilton	Illinois	USA
Hancock	Illinois	USA
Hardin	Illinois	USA
Henderson	Illinois	USA
Henry	Illinois	USA
Iroquois	Illinois	USA
Jackson	Illinois	USA
Jasper	Illinois	USA
Jefferson	Illinois	USA
Jersey	Illinois	USA
Jo Daviess	Illinois	USA
Johnson	Illinois	USA
Kane	Illinois	USA
Kankakee	Illinois	USA
Kendall	Illinois	USA
Knox	Illinois	USA
Lake	Illinois	USA
LaSalle	Illinois	USA
Lawrence	Illinois	USA
Lee	Illinois	USA
Livingston	Illinois	USA
Logan	Illinois	USA
McDonough	Illinois	USA
McHenry	Illinois	USA
McLean	Illinois	USA
Macon	Illinois	USA
Macoupin	Illinois	USA
Madison	Illinois	USA
Marion	Illinois	USA
Marshall	Illinois	USA
Mason	Illinois	USA
Massac	Illinois	USA
Menard	Illinois	USA
Mercer	Illinois	USA
Monroe	Illinois	USA
Montgomery	Illinois	USA
Morgan	Illinois	USA
Moultrie	Illinois	USA
Ogle	Illinois	USA
Peoria	Illinois	USA
Perry	Illinois	USA
Piatt	Illinois	USA
Pike	Illinois	USA
Pope	Illinois	USA
Pulaski	Illinois	USA
Putnam	Illinois	USA
Randolph	Illinois	USA
Richland	Illinois	USA
Rock Island	Illinois	USA
St. Clair	Illinois	USA
Saline	Illinois	USA
Sangamon	Illinois	USA
Schuyler	Illinois	USA
Scott	Illinois	USA
Shelby	Illinois	USA
Stark	Illinois	USA
Stephenson	Illinois	USA
Tazewell	Illinois	USA
Union	Illinois	USA
Vermilion	Illinois	USA
Wabash	Illinois	USA
Warren	Illinois	USA
Washington	Illinois	USA
Wayne	Illinois	USA
White	Illinois	USA
Whiteside	Illinois	USA
Will	Illinois	USA
Williamson	Illinois	USA
Winnebago	Illinois	USA
Woodford	Illinois	USA
Adams	Indiana	USA
Allen	Indiana	USA
Bartholomew	Indiana	USA
Benton	Indiana	USA
Blackford	Indiana	USA
Boone	Indiana	USA
Brown	Indiana	USA
Carroll	Indiana	USA
Cass	Indiana	USA
Clark	Indiana	USA
Clay	Indiana	USA
Clinton	Indiana	USA
Crawford	Indiana	USA
Daviess	Indiana	USA
Dearborn	Indiana	USA
Decatur	Indiana	USA
DeKalb	Indiana	USA
Delaware	Indiana	USA
Dubois	Indiana	USA
Elkhart	Indiana	USA
Fayette	Indiana	USA
Floyd	Indiana	USA
Fountain	Indiana	USA
Franklin	Indiana	USA
Fulton	Indiana	USA
Gibson	Indiana	USA
Grant	Indiana	USA
Greene	Indiana	USA
Hamilton	Indiana	USA
Hancock	Indiana	USA
Harrison	Indiana	USA
Hendricks	Indiana	USA
Henry	Indiana	USA
Howard	Indiana	USA
Huntington	Indiana	USA
Jackson	Indiana	USA
Jasper	Indiana	USA
Jay	Indiana	USA
Jefferson	Indiana	USA
Jennings	Indiana	USA
Johnson	Indiana	USA
Knox	Indiana	USA
Kosciusko	Indiana	USA
LaGrange	Indiana	USA
Lake	Indiana	USA
LaPorte	Indiana	USA
Lawrence	Indiana	USA
Madison	Indiana	USA
Marion	Indiana	USA
Marshall	Indiana	USA
Martin	Indiana	USA
Miami	Indiana	USA
Monroe	Indiana	USA
Montgomery	Indiana	USA
Morgan	Indiana	USA
Newton	Indiana	USA
Noble	Indiana	USA
Ohio	Indiana	USA
Orange	Indiana	USA
Owen	Indiana	USA
Parke	Indiana	USA
Perry	Indiana	USA
Pike	Indiana	USA
Porter	Indiana	USA
Posey	Indiana	USA
Pulaski	Indiana	USA
Putnam	Indiana	USA
Randolph	Indiana	USA
Ripley	Indiana	USA
Rush	Indiana	USA
St. Joseph	Indiana	USA
Scott	Indiana	USA
Shelby	Indiana	USA
Spencer	Indiana	USA
Starke	Indiana	USA
Steuben	Indiana	USA
Sullivan	Indiana	USA
Switzerland	Indiana	USA
Tippecanoe	Indiana	USA
Tipton	Indiana	USA
Union	Indiana	USA
Vanderburgh	Indiana	USA
Vermillion	Indiana	USA
Vigo	Indiana	USA
Wabash	Indiana	USA
Warren	Indiana	USA
Warrick	Indiana	USA
Washington	Indiana	USA
Wayne	Indiana	USA
Wells	Indiana	USA
White	Indiana	USA
Whitley	Indiana	USA
Adair	Iowa	USA
Adams	Iowa	USA
Allamakee	Iowa	USA
Appanoose	Iowa	USA
Audubon	Iowa	USA
Benton	Iowa	USA
Black Hawk	Iowa	USA
Boone	Iowa	USA
Bremer	Iowa	USA
Buchanan	Iowa	USA
Buena Vista	Iowa	USA
Butler	Iowa	USA
Calhoun	Iowa	USA
Carroll	Iowa	USA
Cass	Iowa	USA
Cedar	Iowa	USA
Cerro Gordo	Iowa	USA
Cherokee	Iowa	USA
Chickasaw	Iowa	USA
Clarke	Iowa	USA
Clay	Iowa	USA
Clayton	Iowa	USA
Clinton	Iowa	USA
Crawford	Iowa	USA
Dallas	Iowa	USA
Davis	Iowa	USA
Decatur	Iowa	USA
Delaware	Iowa	USA
Des Moines	Iowa	USA
Dickinson	Iowa	USA
Dubuque	Iowa	USA
Emmet	Iowa	USA
Fayette	Iowa	USA
Floyd	Iowa	USA
Franklin	Iowa	USA
Fremont	Iowa	USA
Greene	Iowa	USA
Grundy	Iowa	USA
Guthrie	Iowa	USA
Hamilton	Iowa	USA
Hancock	Iowa	USA
Hardin	Iowa	USA
Harrison	Iowa	USA
Henry	Iowa	USA
Howard	Iowa	USA
Humboldt	Iowa	USA
Ida	Iowa	USA
Iowa	Iowa	USA
Jackson	Iowa	USA
Jasper	Iowa	USA
Jefferson	Iowa	USA
Johnson	Iowa	USA
Jones	Iowa	USA
Keokuk	Iowa	USA
Kossuth	Iowa	USA
Lee	Iowa	USA
Linn	Iowa	USA
Louisa	Iowa	USA
Lucas	Iowa	USA
Lyon	Iowa	USA
Madison	Iowa	USA
Mahaska	Iowa	USA
Marion	Iowa	USA
Marshall	Iowa	USA
Mills	Iowa	USA
Mitchell	Iowa	USA
Monona	Iowa	USA
Monroe	Iowa	USA
Montgomery	Iowa	USA
Muscatine	Iowa	USA
O'Brien	Iowa	USA
Osceola	Iowa	USA
Page	Iowa	USA
Palo Alto	Iowa	USA
Plymouth	Iowa	USA
Pocahontas	Iowa	USA
Polk	Iowa	USA
Pottawattamie	Iowa	USA
Poweshiek	Iowa	USA
Ringgold	Iowa	USA
Sac	Iowa	USA
Scott	Iowa	USA
Shelby	Iowa	USA
Sioux	Iowa	USA
Story	Iowa	USA
Tama	Iowa	USA
Taylor	Iowa	USA
Union	Iowa	USA
Van Buren	Iowa	USA
Wapello	Iowa	USA
Warren	Iowa	USA
Washington	Iowa	USA
Wayne	Iowa	USA
Webster	Iowa	USA
Winnebago	Iowa	USA
Winneshiek	Iowa	USA
Woodbury	Iowa	USA
Worth	Iowa	USA
Wright	Iowa	USA
Adair	Kentucky	USA
Allen	Kentucky	USA
Anderson	Kentucky	USA
Ballard	Kentucky	USA
Barren	Kentucky	USA
Bath	Kentucky	USA
Bell	Kentucky	USA
Boone	Kentucky	USA
Bourbon	Kentucky	USA
Boyd	Kentucky	USA
Boyle	Kentucky	USA
Bracken	Kentucky	USA
Breathitt	Kentucky	USA
Breckinridge	Kentucky	USA
Bullitt	Kentucky	USA
Butler	Kentucky	USA
Caldwell	Kentucky	USA
Calloway	Kentucky	USA
Campbell	Kentucky	USA
Carlisle	Kentucky	USA
Carroll	Kentucky	USA
Carter	Kentucky	USA
Casey	Kentucky	USA
Christian	Kentucky	USA
Clark	Kentucky	USA
Clay	Kentucky	USA
Clinton	Kentucky	USA
Crittenden	Kentucky	USA
Cumberland	Kentucky	USA
Daviess	Kentucky	USA
Edmonson	Kentucky	USA
Elliott	Kentucky	USA
Estill	Kentucky	USA
Fayette	Kentucky	USA
Fleming	Kentucky	USA
Floyd	Kentucky	USA
Franklin	Kentucky	USA
Fulton	Kentucky	USA
Gallatin	Kentucky	USA
Garrard	Kentucky	USA
Grant	Kentucky	USA
Graves	Kentucky	USA
Grayson	Kentucky	USA
Green	Kentucky	USA
Greenup	Kentucky	USA
Hancock	Kentucky	USA
Hardin	Kentucky	USA
Harlan	Kentucky	USA
Harrison	Kentucky	USA
Hart	Kentucky	USA
Henderson	Kentucky	USA
Henry	Kentucky	USA
Hickman	Kentucky	USA
Hopkins	Kentucky	USA
Jackson	Kentucky	USA
Jefferson	Kentucky	USA
Jessamine	Kentucky	USA
Johnson	Kentucky	USA
Kenton	Kentucky	USA
Knott	Kentucky	USA
Knox	Kentucky	USA
LaRue	Kentucky	USA
Laurel	Kentucky	USA
Lawrence	Kentucky	USA
Lee	Kentucky	USA
Leslie	Kentucky	USA
Letcher	Kentucky	USA
Lewis	Kentucky	USA
Lincoln	Kentucky	USA
Livingston	Kentucky	USA
Logan	Kentucky	USA
Lyon	Kentucky	USA
McCracken	Kentucky	USA
McCreary	Kentucky	USA
McLean	Kentucky	USA
Madison	Kentucky	USA
Magoffin	Kentucky	USA
Marion	Kentucky	USA
Marshall	Kentucky	USA
Martin	Kentucky	USA
Mason	Kentucky	USA
Meade	Kentucky	USA
Menifee	Kentucky	USA
Mercer	Kentucky	USA
Metcalfe	Kentucky	USA
Monroe	Kentucky	USA
Montgomery	Kentucky	USA
Morgan	Kentucky	USA
Muhlenberg	Kentucky	USA
Nelson	Kentucky	USA
Nicholas	Kentucky	USA
Ohio	Kentucky	USA
Oldham	Kentucky	USA
Owen	Kentucky	USA
Owsley	Kentucky	USA
Pendleton	Kentucky	USA
Perry	Kentucky	USA
Pike	Kentucky	USA
Powell	Kentucky	USA
Pulaski	Kentucky	USA
Robertson	Kentucky	USA
Rockcastle	Kentucky	USA
Rowan	Kentucky	USA
Russell	Kentucky	USA
Scott	Kentucky	USA
Shelby	Kentucky	USA
Simpson	Kentucky	USA
Spencer	Kentucky	USA
Taylor	Kentucky	USA
Todd	Kentucky	USA
Trigg	Kentucky	USA
Trimble	Kentucky	USA
Union	Kentucky	USA
Warren	Kentucky	USA
Washington	Kentucky	USA
Wayne	Kentucky	USA
Webster	Kentucky	USA
Whitley	Kentucky	USA
Wolfe	Kentucky	USA
Woodford	Kentucky	USA
Androscoggin	Maine	USA
Aroostook	Maine	USA
Cumberland	Maine	USA
Franklin	Maine	USA
Hancock	Maine	USA
Kennebec	Maine	USA
Knox	Maine	USA
Lincoln	Maine	USA
Oxford	Maine	USA
Penobscot	Maine	USA
Piscataquis	Maine	USA
Sagadahoc	Maine	USA
Somerset	Maine	USA
Waldo	Maine	USA
Washington	Maine	USA
York	Maine	USA
Allegany	Maryland	USA
Anne Arundel	Maryland	USA
Baltimore	Maryland	USA
Calvert	Maryland	USA
Caroline	Maryland	USA
Carroll	Maryland	USA
Cecil	Maryland	USA
Charles	Maryland	USA
Dorchester	Maryland	USA
Frederick	Maryland	USA
Garrett	Maryland	USA
Harford	Maryland	USA
Howard	Maryland	USA
Kent	Maryland	USA
Montgomery	Maryland	USA
Prince George's	Maryland	USA
Queen Anne's	Maryland	USA
St. Mary's	Maryland	USA
Somerset	Maryland	USA
Talbot	Maryland	USA
Washington	Maryland	USA
Wicomico	Maryland	USA
Worcester	Maryland	USA
Baltimore	Maryland	USA
Barnstable	Massachusetts	USA
Berkshire	Massachusetts	USA
Bristol	Massachusetts	USA
Dukes	Massachusetts	USA
Essex	Massachusetts	USA
Franklin	Massachusetts	USA
Hampden	Massachusetts	USA
Hampshire	Massachusetts	USA
Middlesex	Massachusetts	USA
Town and of Nantucket	Massachusetts	USA
Norfolk	Massachusetts	USA
Plymouth	Massachusetts	USA
Suffolk	Massachusetts	USA
Worcester	Massachusetts	USA
Alcona	Michigan	USA
Alger	Michigan	USA
Allegan	Michigan	USA
Alpena	Michigan	USA
Antrim	Michigan	USA
Arenac	Michigan	USA
Baraga	Michigan	USA
Barry	Michigan	USA
Bay	Michigan	USA
Benzie	Michigan	USA
Berrien	Michigan	USA
Branch	Michigan	USA
Calhoun	Michigan	USA
Cass	Michigan	USA
Charlevoix	Michigan	USA
Cheboygan	Michigan	USA
Chippewa	Michigan	USA
Clare	Michigan	USA
Clinton	Michigan	USA
Crawford	Michigan	USA
Delta	Michigan	USA
Dickinson	Michigan	USA
Eaton	Michigan	USA
Emmet	Michigan	USA
Genesee	Michigan	USA
Gladwin	Michigan	USA
Gogebic	Michigan	USA
Grand Traverse	Michigan	USA
Gratiot	Michigan	USA
Hillsdale	Michigan	USA
Houghton	Michigan	USA
Huron	Michigan	USA
Ingham	Michigan	USA
Ionia	Michigan	USA
Iosco	Michigan	USA
Iron	Michigan	USA
Isabella	Michigan	USA
Jackson	Michigan	USA
Kalamazoo	Michigan	USA
Kalkaska	Michigan	USA
Kent	Michigan	USA
Keweenaw	Michigan	USA
Lake	Michigan	USA
Lapeer	Michigan	USA
Leelanau	Michigan	USA
Lenawee	Michigan	USA
Livingston	Michigan	USA
Luce	Michigan	USA
Mackinac	Michigan	USA
Macomb	Michigan	USA
Manistee	Michigan	USA
Marquette	Michigan	USA
Mason	Michigan	USA
Mecosta	Michigan	USA
Menominee	Michigan	USA
Midland	Michigan	USA
Missaukee	Michigan	USA
Monroe	Michigan	USA
Montcalm	Michigan	USA
Montmorency	Michigan	USA
Muskegon	Michigan	USA
Newaygo	Michigan	USA
Oakland	Michigan	USA
Oceana	Michigan	USA
Ogemaw	Michigan	USA
Ontonagon	Michigan	USA
Osceola	Michigan	USA
Oscoda	Michigan	USA
Otsego	Michigan	USA
Ottawa	Michigan	USA
Presque Isle	Michigan	USA
Roscommon	Michigan	USA
Saginaw	Michigan	USA
St. Clair	Michigan	USA
St. Joseph	Michigan	USA
Sanilac	Michigan	USA
Schoolcraft	Michigan	USA
Shiawassee	Michigan	USA
Tuscola	Michigan	USA
Van Buren	Michigan	USA
Washtenaw	Michigan	USA
Wayne	Michigan	USA
Wexford	Michigan	USA
Belknap	New Hampshire	USA
Carroll	New Hampshire	USA
Cheshire	New Hampshire	USA
Coös	New Hampshire	USA
Grafton	New Hampshire	USA
Hillsborough	New Hampshire	USA
Merrimack	New Hampshire	USA
Rockingham	New Hampshire	USA
Strafford	New Hampshire	USA
Sullivan	New Hampshire	USA
Atlantic	New Jersey	USA
Bergen	New Jersey	USA
Burlington	New Jersey	USA
Camden	New Jersey	USA
Cape May	New Jersey	USA
Cumberland	New Jersey	USA
Essex	New Jersey	USA
Gloucester	New Jersey	USA
Hudson	New Jersey	USA
Hunterdon	New Jersey	USA
Mercer	New Jersey	USA
Middlesex	New Jersey	USA
Monmouth	New Jersey	USA
Morris	New Jersey	USA
Ocean	New Jersey	USA
Passaic	New Jersey	USA
Salem	New Jersey	USA
Somerset	New Jersey	USA
Sussex	New Jersey	USA
Union	New Jersey	USA
Warren	New Jersey	USA
Albany	New York	USA
Allegany	New York	USA
Bronx	New York	USA
Broome	New York	USA
Cattaraugus	New York	USA
Cayuga	New York	USA
Chautauqua	New York	USA
Chemung	New York	USA
Chenango	New York	USA
Clinton	New York	USA
Columbia	New York	USA
Cortland	New York	USA
Delaware	New York	USA
Dutchess	New York	USA
Erie	New York	USA
Essex	New York	USA
Franklin	New York	USA
Fulton	New York	USA
Genesee	New York	USA
Greene	New York	USA
Hamilton	New York	USA
Herkimer	New York	USA
Jefferson	New York	USA
Kings	New York	USA
Lewis	New York	USA
Livingston	New York	USA
Madison	New York	USA
Monroe	New York	USA
Montgomery	New York	USA
Nassau	New York	USA
New York	New York	USA
Niagara	New York	USA
Oneida	New York	USA
Onondaga	New York	USA
Ontario	New York	USA
Orange	New York	USA
Orleans	New York	USA
Oswego	New York	USA
Otsego	New York	USA
Putnam	New York	USA
Queens	New York	USA
Rensselaer	New York	USA
Richmond	New York	USA
Rockland	New York	USA
St. Lawrence	New York	USA
Saratoga	New York	USA
Schenectady	New York	USA
Schoharie	New York	USA
Schuyler	New York	USA
Seneca	New York	USA
Steuben	New York	USA
Suffolk	New York	USA
Sullivan	New York	USA
Tioga	New York	USA
Tompkins	New York	USA
Ulster	New York	USA
Warren	New York	USA
Washington	New York	USA
Wayne	New York	USA
Westchester	New York	USA
Wyoming	New York	USA
Yates	New York	USA
Alamance	North Carolina	USA
Alexander	North Carolina	USA
Alleghany	North Carolina	USA
Anson	North Carolina	USA
Ashe	North Carolina	USA
Avery	North Carolina	USA
Beaufort	North Carolina	USA
Bertie	North Carolina	USA
Bladen	North Carolina	USA
Brunswick	North Carolina	USA
Buncombe	North Carolina	USA
Burke	North Carolina	USA
Cabarrus	North Carolina	USA
Caldwell	North Carolina	USA
Camden	North Carolina	USA
Carteret	North Carolina	USA
Caswell	North Carolina	USA
Catawba	North Carolina	USA
Chatham	North Carolina	USA
Cherokee	North Carolina	USA
Chowan	North Carolina	USA
Clay	North Carolina	USA
Cleveland	North Carolina	USA
Columbus	North Carolina	USA
Craven	North Carolina	USA
Cumberland	North Carolina	USA
Currituck	North Carolina	USA
Dare	North Carolina	USA
Davidson	North Carolina	USA
Davie	North Carolina	USA
Duplin	North Carolina	USA
Durham	North Carolina	USA
Edgecombe	North Carolina	USA
Forsyth	North Carolina	USA
Franklin	North Carolina	USA
Gaston	North Carolina	USA
Gates	North Carolina	USA
Graham	North Carolina	USA
Granville	North Carolina	USA
Greene	North Carolina	USA
Guilford	North Carolina	USA
Halifax	North Carolina	USA
Harnett	North Carolina	USA
Haywood	North Carolina	USA
Henderson	North Carolina	USA
Hertford	North Carolina	USA
Hoke	North Carolina	USA
Hyde	North Carolina	USA
Iredell	North Carolina	USA
Jackson	North Carolina	USA
Johnston	North Carolina	USA
Jones	North Carolina	USA
Lee	North Carolina	USA
Lenoir	North Carolina	USA
Lincoln	North Carolina	USA
McDowell	North Carolina	USA
Macon	North Carolina	USA
Madison	North Carolina	USA
Martin	North Carolina	USA
Mecklenburg	North Carolina	USA
Mitchell	North Carolina	USA
Montgomery	North Carolina	USA
Moore	North Carolina	USA
Nash	North Carolina	USA
New Hanover	North Carolina	USA
Northampton	North Carolina	USA
Onslow	North Carolina	USA
Orange	North Carolina	USA
Pamlico	North Carolina	USA
Pasquotank	North Carolina	USA
Pender	North Carolina	USA
Perquimans	North Carolina	USA
Person	North Carolina	USA
Pitt	North Carolina	USA
Polk	North Carolina	USA
Randolph	North Carolina	USA
Richmond	North Carolina	USA
Robeson	North Carolina	USA
Rockingham	North Carolina	USA
Rowan	North Carolina	USA
Rutherford	North Carolina	USA
Sampson	North Carolina	USA
Scotland	North Carolina	USA
Stanly	North Carolina	USA
Stokes	North Carolina	USA
Surry	North Carolina	USA
Swain	North Carolina	USA
Transylvania	North Carolina	USA
Tyrrell	North Carolina	USA
Union	North Carolina	USA
Vance	North Carolina	USA
Wake	North Carolina	USA
Warren	North Carolina	USA
Washington	North Carolina	USA
Watauga	North Carolina	USA
Wayne	North Carolina	USA
Wilkes	North Carolina	USA
Wilson	North Carolina	USA
Yadkin	North Carolina	USA
Yancey	North Carolina	USA
Adams	Ohio	USA
Allen	Ohio	USA
Ashland	Ohio	USA
Ashtabula	Ohio	USA
Athens	Ohio	USA
Auglaize	Ohio	USA
Belmont	Ohio	USA
Brown	Ohio	USA
Butler	Ohio	USA
Carroll	Ohio	USA
Champaign	Ohio	USA
Clark	Ohio	USA
Clermont	Ohio	USA
Clinton	Ohio	USA
Columbiana	Ohio	USA
Coshocton	Ohio	USA
Crawford	Ohio	USA
Cuyahoga	Ohio	USA
Darke	Ohio	USA
Defiance	Ohio	USA
Delaware	Ohio	USA
Erie	Ohio	USA
Fairfield	Ohio	USA
Fayette	Ohio	USA
Franklin	Ohio	USA
Fulton	Ohio	USA
Gallia	Ohio	USA
Geauga	Ohio	USA
Greene	Ohio	USA
Guernsey	Ohio	USA
Hamilton	Ohio	USA
Hancock	Ohio	USA
Hardin	Ohio	USA
Harrison	Ohio	USA
Henry	Ohio	USA
Highland	Ohio	USA
Hocking	Ohio	USA
Holmes	Ohio	USA
Huron	Ohio	USA
Jackson	Ohio	USA
Jefferson	Ohio	USA
Knox	Ohio	USA
Lake	Ohio	USA
Lawrence	Ohio	USA
Licking	Ohio	USA
Logan	Ohio	USA
Lorain	Ohio	USA
Lucas	Ohio	USA
Madison	Ohio	USA
Mahoning	Ohio	USA
Marion	Ohio	USA
Medina	Ohio	USA
Meigs	Ohio	USA
Mercer	Ohio	USA
Miami	Ohio	USA
Monroe	Ohio	USA
Montgomery	Ohio	USA
Morgan	Ohio	USA
Morrow	Ohio	USA
Muskingum	Ohio	USA
Noble	Ohio	USA
Ottawa	Ohio	USA
Paulding	Ohio	USA
Perry	Ohio	USA
Pickaway	Ohio	USA
Pike	Ohio	USA
Portage	Ohio	USA
Preble	Ohio	USA
Putnam	Ohio	USA
Richland	Ohio	USA
Ross	Ohio	USA
Sandusky	Ohio	USA
Scioto	Ohio	USA
Seneca	Ohio	USA
Shelby	Ohio	USA
Stark	Ohio	USA
Summit	Ohio	USA
Trumbull	Ohio	USA
Tuscarawas	Ohio	USA
Union	Ohio	USA
Van Wert	Ohio	USA
Vinton	Ohio	USA
Warren	Ohio	USA
Washington	Ohio	USA
Wayne	Ohio	USA
Williams	Ohio	USA
Wood	Ohio	USA
Wyandot	Ohio	USA
Adair	Oklahoma	USA
Alfalfa	Oklahoma	USA
Atoka	Oklahoma	USA
Beaver	Oklahoma	USA
Beckham	Oklahoma	USA
Blaine	Oklahoma	USA
Bryan	Oklahoma	USA
Caddo	Oklahoma	USA
Canadian	Oklahoma	USA
Carter	Oklahoma	USA
Cherokee	Oklahoma	USA
Choctaw	Oklahoma	USA
Cimarron	Oklahoma	USA
Cleveland	Oklahoma	USA
Coal	Oklahoma	USA
Comanche	Oklahoma	USA
Cotton	Oklahoma	USA
Craig	Oklahoma	USA
Creek	Oklahoma	USA
Custer	Oklahoma	USA
Delaware	Oklahoma	USA
Dewey	Oklahoma	USA
Ellis	Oklahoma	USA
Garfield	Oklahoma	USA
Garvin	Oklahoma	USA
Grady	Oklahoma	USA
Grant	Oklahoma	USA
Greer	Oklahoma	USA
Harmon	Oklahoma	USA
Harper	Oklahoma	USA
Haskell	Oklahoma	USA
Hughes	Oklahoma	USA
Jackson	Oklahoma	USA
Jefferson	Oklahoma	USA
Johnston	Oklahoma	USA
Kay	Oklahoma	USA
Kingfisher	Oklahoma	USA
Kiowa	Oklahoma	USA
Latimer	Oklahoma	USA
Le Flore	Oklahoma	USA
Lincoln	Oklahoma	USA
Logan	Oklahoma	USA
Love	Oklahoma	USA
McClain	Oklahoma	USA
McCurtain	Oklahoma	USA
McIntosh	Oklahoma	USA
Major	Oklahoma	USA
Marshall	Oklahoma	USA
Mayes	Oklahoma	USA
Murray	Oklahoma	USA
Muskogee	Oklahoma	USA
Noble	Oklahoma	USA
Nowata	Oklahoma	USA
Okfuskee	Oklahoma	USA
Oklahoma	Oklahoma	USA
Okmulgee	Oklahoma	USA
Osage	Oklahoma	USA
Ottawa	Oklahoma	USA
Pawnee	Oklahoma	USA
Payne	Oklahoma	USA
Pittsburg	Oklahoma	USA
Pontotoc	Oklahoma	USA
Pottawatomie	Oklahoma	USA
Pushmataha	Oklahoma	USA
Roger Mills	Oklahoma	USA
Rogers	Oklahoma	USA
Seminole	Oklahoma	USA
Sequoyah	Oklahoma	USA
Stephens	Oklahoma	USA
Texas	Oklahoma	USA
Tillman	Oklahoma	USA
Tulsa	Oklahoma	USA
Wagoner	Oklahoma	USA
Washington	Oklahoma	USA
Washita	Oklahoma	USA
Woods	Oklahoma	USA
Woodward	Oklahoma	USA
Adams	Pennsylvania	USA
Allegheny	Pennsylvania	USA
Armstrong	Pennsylvania	USA
Beaver	Pennsylvania	USA
Bedford	Pennsylvania	USA
Berks	Pennsylvania	USA
Blair	Pennsylvania	USA
Bradford	Pennsylvania	USA
Bucks	Pennsylvania	USA
Butler	Pennsylvania	USA
Cambria	Pennsylvania	USA
Cameron	Pennsylvania	USA
Carbon	Pennsylvania	USA
Centre	Pennsylvania	USA
Chester	Pennsylvania	USA
Clarion	Pennsylvania	USA
Clearfield	Pennsylvania	USA
Clinton	Pennsylvania	USA
Columbia	Pennsylvania	USA
Crawford	Pennsylvania	USA
Cumberland	Pennsylvania	USA
Dauphin	Pennsylvania	USA
Delaware	Pennsylvania	USA
Elk	Pennsylvania	USA
Erie	Pennsylvania	USA
Fayette	Pennsylvania	USA
Forest	Pennsylvania	USA
Franklin	Pennsylvania	USA
Fulton	Pennsylvania	USA
Greene	Pennsylvania	USA
Huntingdon	Pennsylvania	USA
Indiana	Pennsylvania	USA
Jefferson	Pennsylvania	USA
Juniata	Pennsylvania	USA
Lackawanna	Pennsylvania	USA
Lancaster	Pennsylvania	USA
Lawrence	Pennsylvania	USA
Lebanon	Pennsylvania	USA
Lehigh	Pennsylvania	USA
Luzerne	Pennsylvania	USA
Lycoming	Pennsylvania	USA
McKean	Pennsylvania	USA
Mercer	Pennsylvania	USA
Mifflin	Pennsylvania	USA
Monroe	Pennsylvania	USA
Montgomery	Pennsylvania	USA
Montour	Pennsylvania	USA
Northampton	Pennsylvania	USA
Northumberland	Pennsylvania	USA
Perry	Pennsylvania	USA
Philadelphia	Pennsylvania	USA
Pike	Pennsylvania	USA
Potter	Pennsylvania	USA
Schuylkill	Pennsylvania	USA
Snyder	Pennsylvania	USA
Somerset	Pennsylvania	USA
Sullivan	Pennsylvania	USA
Susquehanna	Pennsylvania	USA
Tioga	Pennsylvania	USA
Union	Pennsylvania	USA
Venango	Pennsylvania	USA
Warren	Pennsylvania	USA
Washington	Pennsylvania	USA
Wayne	Pennsylvania	USA
Westmoreland	Pennsylvania	USA
Wyoming	Pennsylvania	USA
York	Pennsylvania	USA
Bristol	Rhode Island	USA
Kent	Rhode Island	USA
Newport	Rhode Island	USA
Providence	Rhode Island	USA
Washington	Rhode Island	USA
Abbeville	South Carolina	USA
Aiken	South Carolina	USA
Allendale	South Carolina	USA
Anderson	South Carolina	USA
Bamberg	South Carolina	USA
Barnwell	South Carolina	USA
Beaufort	South Carolina	USA
Berkeley	South Carolina	USA
Calhoun	South Carolina	USA
Charleston	South Carolina	USA
Cherokee	South Carolina	USA
Chester	South Carolina	USA
Chesterfield	South Carolina	USA
Clarendon	South Carolina	USA
Colleton	South Carolina	USA
Darlington	South Carolina	USA
Dillon	South Carolina	USA
Dorchester	South Carolina	USA
Edgefield	South Carolina	USA
Fairfield	South Carolina	USA
Florence	South Carolina	USA
Georgetown	South Carolina	USA
Greenville	South Carolina	USA
Greenwood	South Carolina	USA
Hampton	South Carolina	USA
Horry	South Carolina	USA
Jasper	South Carolina	USA
Kershaw	South Carolina	USA
Lancaster	South Carolina	USA
Laurens	South Carolina	USA
Lee	South Carolina	USA
Lexington	South Carolina	USA
McCormick	South Carolina	USA
Marion	South Carolina	USA
Marlboro	South Carolina	USA
Newberry	South Carolina	USA
Oconee	South Carolina	USA
Orangeburg	South Carolina	USA
Pickens	South Carolina	USA
Richland	South Carolina	USA
Saluda	South Carolina	USA
Spartanburg	South Carolina	USA
Sumter	South Carolina	USA
Union	South Carolina	USA
Williamsburg	South Carolina	USA
York	South Carolina	USA
Anderson	Tennessee	USA
Bedford	Tennessee	USA
Benton	Tennessee	USA
Bledsoe	Tennessee	USA
Blount	Tennessee	USA
Bradley	Tennessee	USA
Campbell	Tennessee	USA
Cannon	Tennessee	USA
Carroll	Tennessee	USA
Carter	Tennessee	USA
Cheatham	Tennessee	USA
Chester	Tennessee	USA
Claiborne	Tennessee	USA
Clay	Tennessee	USA
Cocke	Tennessee	USA
Coffee	Tennessee	USA
Crockett	Tennessee	USA
Cumberland	Tennessee	USA
Davidson	Tennessee	USA
Decatur	Tennessee	USA
DeKalb	Tennessee	USA
Dickson	Tennessee	USA
Dyer	Tennessee	USA
Fayette	Tennessee	USA
Fentress	Tennessee	USA
Franklin	Tennessee	USA
Gibson	Tennessee	USA
Giles	Tennessee	USA
Grainger	Tennessee	USA
Greene	Tennessee	USA
Grundy	Tennessee	USA
Hamblen	Tennessee	USA
Hamilton	Tennessee	USA
Hancock	Tennessee	USA
Hardeman	Tennessee	USA
Hardin	Tennessee	USA
Hawkins	Tennessee	USA
Haywood	Tennessee	USA
Henderson	Tennessee	USA
Henry	Tennessee	USA
Hickman	Tennessee	USA
Houston	Tennessee	USA
Humphreys	Tennessee	USA
Jackson	Tennessee	USA
Jefferson	Tennessee	USA
Johnson	Tennessee	USA
Knox	Tennessee	USA
Lake	Tennessee	USA
Lauderdale	Tennessee	USA
Lawrence	Tennessee	USA
Lewis	Tennessee	USA
Lincoln	Tennessee	USA
Loudon	Tennessee	USA
McMinn	Tennessee	USA
McNairy	Tennessee	USA
Macon	Tennessee	USA
Madison	Tennessee	USA
Marion	Tennessee	USA
Marshall	Tennessee	USA
Maury	Tennessee	USA
Meigs	Tennessee	USA
Monroe	Tennessee	USA
Montgomery	Tennessee	USA
Moore	Tennessee	USA
Morgan	Tennessee	USA
Obion	Tennessee	USA
Overton	Tennessee	USA
Perry	Tennessee	USA
Pickett	Tennessee	USA
Polk	Tennessee	USA
Putnam	Tennessee	USA
Rhea	Tennessee	USA
Roane	Tennessee	USA
Robertson	Tennessee	USA
Rutherford	Tennessee	USA
Scott	Tennessee	USA
Sequatchie	Tennessee	USA
Sevier	Tennessee	USA
Shelby	Tennessee	USA
Smith	Tennessee	USA
Stewart	Tennessee	USA
Sullivan	Tennessee	USA
Sumner	Tennessee	USA
Tipton	Tennessee	USA
Trousdale	Tennessee	USA
Unicoi	Tennessee	USA
Union	Tennessee	USA
Van Buren	Tennessee	USA
Warren	Tennessee	USA
Washington	Tennessee	USA
Wayne	Tennessee	USA
Weakley	Tennessee	USA
White	Tennessee	USA
Williamson	Tennessee	USA
Wilson	Tennessee	USA
Addison	Vermont	USA
Bennington	Vermont	USA
Caledonia	Vermont	USA
Chittenden	Vermont	USA
Essex	Vermont	USA
Franklin	Vermont	USA
Grand Isle	Vermont	USA
Lamoille	Vermont	USA
Orange	Vermont	USA
Orleans	Vermont	USA
Rutland	Vermont	USA
Washington	Vermont	USA
Windham	Vermont	USA
Windsor	Vermont	USA
Accomack	Virginia	USA
Albemarle	Virginia	USA
Alleghany	Virginia	USA
Amelia	Virginia	USA
Amherst	Virginia	USA
Appomattox	Virginia	USA
Arlington	Virginia	USA
Augusta	Virginia	USA
Bath	Virginia	USA
Bedford	Virginia	USA
Bland	Virginia	USA
Botetourt	Virginia	USA
Brunswick	Virginia	USA
Buchanan	Virginia	USA
Buckingham	Virginia	USA
Campbell	Virginia	USA
Caroline	Virginia	USA
Carroll	Virginia	USA
Charles City	Virginia	USA
Charlotte	Virginia	USA
Chesterfield	Virginia	USA
Clarke	Virginia	USA
Craig	Virginia	USA
Culpeper	Virginia	USA
Cumberland	Virginia	USA
Dickenson	Virginia	USA
Dinwiddie	Virginia	USA
Essex	Virginia	USA
Fairfax	Virginia	USA
Fauquier	Virginia	USA
Floyd	Virginia	USA
Fluvanna	Virginia	USA
Franklin	Virginia	USA
Frederick	Virginia	USA
Giles	Virginia	USA
Gloucester	Virginia	USA
Goochland	Virginia	USA
Grayson	Virginia	USA
Greene	Virginia	USA
Greensville	Virginia	USA
Halifax	Virginia	USA
Hanover	Virginia	USA
Henrico	Virginia	USA
Henry	Virginia	USA
Highland	Virginia	USA
Isle of Wight	Virginia	USA
James City	Virginia	USA
King and Queen	Virginia	USA
King George	Virginia	USA
King William	Virginia	USA
Lancaster	Virginia	USA
Lee	Virginia	USA
Loudoun	Virginia	USA
Louisa	Virginia	USA
Lunenburg	Virginia	USA
Madison	Virginia	USA
Mathews	Virginia	USA
Mecklenburg	Virginia	USA
Middlesex	Virginia	USA
Montgomery	Virginia	USA
Nelson	Virginia	USA
New Kent	Virginia	USA
Northampton	Virginia	USA
Northumberland	Virginia	USA
Nottoway	Virginia	USA
Orange	Virginia	USA
Page	Virginia	USA
Patrick	Virginia	USA
Pittsylvania	Virginia	USA
Powhatan	Virginia	USA
Prince Edward	Virginia	USA
Prince George	Virginia	USA
Prince William	Virginia	USA
Pulaski	Virginia	USA
Rappahannock	Virginia	USA
Richmond	Virginia	USA
Roanoke	Virginia	USA
Rockbridge	Virginia	USA
Rockingham	Virginia	USA
Russell	Virginia	USA
Scott	Virginia	USA
Shenandoah	Virginia	USA
Smyth	Virginia	USA
Southampton	Virginia	USA
Spotsylvania	Virginia	USA
Stafford	Virginia	USA
Surry	Virginia	USA
Sussex	Virginia	USA
Tazewell	Virginia	USA
Warren	Virginia	USA
Washington	Virginia	USA
Westmoreland	Virginia	USA
Wise	Virginia	USA
Wythe	Virginia	USA
York	Virginia	USA
Alexandria	Virginia	USA
Bristol	Virginia	USA
Buena Vista	Virginia	USA
Charlottesville	Virginia	USA
Chesapeake	Virginia	USA
Colonial Heights	Virginia	USA
Covington	Virginia	USA
Danville	Virginia	USA
Emporia	Virginia	USA
Fairfax	Virginia	USA
Falls Church	Virginia	USA
Franklin	Virginia	USA
Fredericksburg	Virginia	USA
Galax	Virginia	USA
Hampton	Virginia	USA
Harrisonburg	Virginia	USA
Hopewell	Virginia	USA
Lexington	Virginia	USA
Lynchburg	Virginia	USA
Manassas	Virginia	USA
Manassas Park	Virginia	USA
Martinsville	Virginia	USA
Newport News	Virginia	USA
Norfolk	Virginia	USA
Norton	Virginia	USA
Petersburg	Virginia	USA
Poquoson	Virginia	USA
Portsmouth	Virginia	USA
Radford	Virginia	USA
Richmond	Virginia	USA
Roanoke	Virginia	USA
Salem	Virginia	USA
Staunton	Virginia	USA
Suffolk	Virginia	USA
Virginia Beach	Virginia	USA
Waynesboro	Virginia	USA
Williamsburg	Virginia	USA
Winchester	Virginia	USA
Barbour	West Virginia	USA
Berkeley	West Virginia	USA
Boone	West Virginia	USA
Braxton	West Virginia	USA
Brooke	West Virginia	USA
Cabell	West Virginia	USA
Calhoun	West Virginia	USA
Clay	West Virginia	USA
Doddridge	West Virginia	USA
Fayette	West Virginia	USA
Gilmer	West Virginia	USA
Grant	West Virginia	USA
Greenbrier	West Virginia	USA
Hampshire	West Virginia	USA
Hancock	West Virginia	USA
Hardy	West Virginia	USA
Harrison	West Virginia	USA
Jackson	West Virginia	USA
Jefferson	West Virginia	USA
Kanawha	West Virginia	USA
Lewis	West Virginia	USA
Lincoln	West Virginia	USA
Logan	West Virginia	USA
McDowell	West Virginia	USA
Marion	West Virginia	USA
Marshall	West Virginia	USA
Mason	West Virginia	USA
Mercer	West Virginia	USA
Mineral	West Virginia	USA
Mingo	West Virginia	USA
Monongalia	West Virginia	USA
Monroe	West Virginia	USA
Morgan	West Virginia	USA
Nicholas	West Virginia	USA
Ohio	West Virginia	USA
Pendleton	West Virginia	USA
Pleasants	West Virginia	USA
Pocahontas	West Virginia	USA
Preston	West Virginia	USA
Putnam	West Virginia	USA
Raleigh	West Virginia	USA
Randolph	West Virginia	USA
Ritchie	West Virginia	USA
Roane	West Virginia	USA
Summers	West Virginia	USA
Taylor	West Virginia	USA
Tucker	West Virginia	USA
Tyler	West Virginia	USA
Upshur	West Virginia	USA
Wayne	West Virginia	USA
Webster	West Virginia	USA
Wetzel	West Virginia	USA
Wirt	West Virginia	USA
Wood	West Virginia	USA
Wyoming	West Virginia	USA
Adams	Wisconsin	USA
Ashland	Wisconsin	USA
Barron	Wisconsin	USA
Bayfield	Wisconsin	USA
Brown	Wisconsin	USA
Buffalo	Wisconsin	USA
Burnett	Wisconsin	USA
Calumet	Wisconsin	USA
Chippewa	Wisconsin	USA
Clark	Wisconsin	USA
Columbia	Wisconsin	USA
Crawford	Wisconsin	USA
Dane	Wisconsin	USA
Dodge	Wisconsin	USA
Door	Wisconsin	USA
Douglas	Wisconsin	USA
Dunn	Wisconsin	USA
Eau Claire	Wisconsin	USA
Florence	Wisconsin	USA
Fond du Lac	Wisconsin	USA
Forest	Wisconsin	USA
Grant	Wisconsin	USA
Green	Wisconsin	USA
Green Lake	Wisconsin	USA
Iowa	Wisconsin	USA
Iron	Wisconsin	USA
Jackson	Wisconsin	USA
Jefferson	Wisconsin	USA
Juneau	Wisconsin	USA
Kenosha	Wisconsin	USA
Kewaunee	Wisconsin	USA
La Crosse	Wisconsin	USA
Lafayette	Wisconsin	USA
Langlade	Wisconsin	USA
Lincoln	Wisconsin	USA
Manitowoc	Wisconsin	USA
Marathon	Wisconsin	USA
Marinette	Wisconsin	USA
Marquette	Wisconsin	USA
Menominee	Wisconsin	USA
Milwaukee	Wisconsin	USA
Monroe	Wisconsin	USA
Oconto	Wisconsin	USA
Oneida	Wisconsin	USA
Outagamie	Wisconsin	USA
Ozaukee	Wisconsin	USA
Pepin	Wisconsin	USA
Pierce	Wisconsin	USA
Polk	Wisconsin	USA
Portage	Wisconsin	USA
Price	Wisconsin	USA
Racine	Wisconsin	USA
Richland	Wisconsin	USA
Rock	Wisconsin	USA
Rusk	Wisconsin	USA
St. Croix	Wisconsin	USA
Sauk	Wisconsin	USA
Sawyer	Wisconsin	USA
Shawano	Wisconsin	USA
Sheboygan	Wisconsin	USA
Taylor	Wisconsin	USA
Trempealeau	Wisconsin	USA
Vernon	Wisconsin	USA
Vilas	Wisconsin	USA
Walworth	Wisconsin	USA
Washburn	Wisconsin	USA
Washington	Wisconsin	USA
Waukesha	Wisconsin	USA
Waupaca	Wisconsin	USA
Waushara	Wisconsin	USA
Winnebago	Wisconsin	USA
Wood	Wisconsin	USA
Albert	New Brunswick	Canada
Carleton	New Brunswick	Canada
Charlotte	New Brunswick	Canada
Gloucester	New Brunswick	Canada
Kent	New Brunswick	Canada
Kings	New Brunswick	Canada
Madawaska	New Brunswick	Canada
Northumberland	New Brunswick	Canada
Queens	New Brunswick	Canada
Restigouche	New Brunswick	Canada
Saint John	New Brunswick	Canada
Sunbury	New Brunswick	Canada
Victoria	New Brunswick	Canada
Westmorland	New Brunswick	Canada
York	New Brunswick	Canada
Annapolis	Nova Scotia	Canada
Antigonish	Nova Scotia	Canada
Cape Bretona	Nova Scotia	Canada
Colchester	Nova Scotia	Canada
Cumberland	Nova Scotia	Canada
Digby	Nova Scotia	Canada
Guysborough	Nova Scotia	Canada
Halifax	Nova Scotia	Canada
Hants	Nova Scotia	Canada
Inverness	Nova Scotia	Canada
Kings	Nova Scotia	Canada
Lunenburg	Nova Scotia	Canada
Pictou	Nova Scotia	Canada
Queensc	Nova Scotia	Canada
Richmond	Nova Scotia	Canada
Shelburne	Nova Scotia	Canada
Victoria	Nova Scotia	Canada
Yarmouth	Nova Scotia	Canada
Bruce	Ontario	Canada
Dufferin	Ontario	Canada
Elgin	Ontario	Canada
Essex	Ontario	Canada
Frontenac	Ontario	Canada
Grey	Ontario	Canada
Haliburton	Ontario	Canada
Hastings	Ontario	Canada
Huron	Ontario	Canada
Lambton	Ontario	Canada
Lanark	Ontario	Canada
United Counties of Leeds and Grenville	Ontario	Canada
Lennox and Addington	Ontario	Canada
Middlesex	Ontario	Canada
Northumberland	Ontario	Canada
Perth	Ontario	Canada
Peterborough	Ontario	Canada
United Counties of Prescott and Russell	Ontario	Canada
Renfrew	Ontario	Canada
Simcoe	Ontario	Canada
United Counties of Stormont Dundas and Glengarry	Ontario	Canada
Wellington	Ontario	Canada
La Haute-Yamaska	Québec	Canada
Acton	Québec	Canada
Drummond	Québec	Canada
Nicolet-Yamaska	Québec	Canada
Maskinongé	Québec	Canada
D'Autray	Québec	Canada
Pierre-De Saurel	Québec	Canada
Les Maskoutains	Québec	Canada
Rouville	Québec	Canada
Le Haut-Richelieu	Québec	Canada
La Vallée-du-Richelieu	Québec	Canada
Longueuil	Québec	Canada
Marguerite-D'Youville	Québec	Canada
L'Assomption	Québec	Canada
Joliette	Québec	Canada
Matawinie	Québec	Canada
Montcalm	Québec	Canada
Les Moulins	Québec	Canada
Laval	Québec	Canada
Montréal	Québec	Canada
Roussillon	Québec	Canada
Les Jardins-de-Napierville	Québec	Canada
Le Haut-Saint-Laurent	Québec	Canada
Beauharnois-Salaberry	Québec	Canada
Vaudreuil-Soulanges	Québec	Canada
Deux-Montagnes	Québec	Canada
Thérèse-De Blainville	Québec	Canada
Mirabel	Québec	Canada
La Rivière-du-Nord	Québec	Canada
Argenteuil	Québec	Canada
Les Pays-d'en-Haut	Québec	Canada
Les Laurentides	Québec	Canada
Antoine-Labelle	Québec	Canada
Papineau	Québec	Canada
Gatineau	Québec	Canada
Les Collines-de-l'Outaouais	Québec	Canada
La Vallée-de-la-Gatineau	Québec	Canada
Pontiac	Québec	Canada
Témiscamingue	Québec	Canada
Rouyn-Noranda	Québec	Canada
Abitibi-Ouest	Québec	Canada
Abitibi	Québec	Canada
La Vallée-de-l'Or	Québec	Canada
La Tuque	Québec	Canada
Le Domaine-du-Roy	Québec	Canada
Maria-Chapdelaine	Québec	Canada
Lac-Saint-Jean-Est	Québec	Canada
Le Saguenay-et-son-Fjord	Québec	Canada
La Haute-Côte-Nord	Québec	Canada
Manicouagan	Québec	Canada
Sept-Rivières--Caniapiscau	Québec	Canada
Minganie--Le Golfe-du-Saint-Laurent	Québec	Canada
Nord-du-Québec	Québec	Canada
Les Îles-de-la-Madeleine	Québec	Canada
Le Rocher-Percé	Québec	Canada
La Côte-de-Gaspé	Québec	Canada
La Haute-Gaspésie	Québec	Canada
Bonaventure	Québec	Canada
Avignon	Québec	Canada
La Matapédia	Québec	Canada
Matane	Québec	Canada
La Mitis	Québec	Canada
Rimouski-Neigette	Québec	Canada
Les Basques	Québec	Canada
Rivière-du-Loup	Québec	Canada
Témiscouata	Québec	Canada
Kamouraska	Québec	Canada
Charlevoix-Est	Québec	Canada
Charlevoix	Québec	Canada
L'Islet	Québec	Canada
Montmagny	Québec	Canada
Bellechasse	Québec	Canada
L'Île-d'Orléans	Québec	Canada
La Côte-de-Beaupré	Québec	Canada
La Jacques-Cartier	Québec	Canada
Québec	Québec	Canada
Lévis	Québec	Canada
La Nouvelle-Beauce	Québec	Canada
Robert-Cliche	Québec	Canada
Les Etchemins	Québec	Canada
Beauce-Sartigan	Québec	Canada
Le Granit	Québec	Canada
Les Appalaches	Québec	Canada
L'Érable	Québec	Canada
Lotbinière	Québec	Canada
Portneuf	Québec	Canada
Mékinac	Québec	Canada
Shawinigan	Québec	Canada
Francheville	Québec	Canada
Bécancour	Québec	Canada
Arthabaska	Québec	Canada
Les Sources	Québec	Canada
Le Haut-Saint-François	Québec	Canada
Le Val-Saint-François	Québec	Canada
Sherbrooke	Québec	Canada
Coaticook	Québec	Canada
Memphrémagog	Québec	Canada
Brome-Missisquoi	Québec	Canada
Kings	Prince Edward Island	Canada
Queens	Prince Edward Island	Canada
Prince	Prince Edward Island	Canada
Stormont Dundas and Glengarry	Ontario	Canada
Prescott and Russell	Ontario	Canada
Ottawa	Ontario	Canada
Leeds and Grenville	Ontario	Canada
Lanark	Ontario	Canada
Frontenac	Ontario	Canada
Lennox and Addington	Ontario	Canada
Hastings	Ontario	Canada
Prince Edward	Ontario	Canada
Northumberland	Ontario	Canada
Peterborough	Ontario	Canada
Kawartha Lakes	Ontario	Canada
Durham	Ontario	Canada
York	Ontario	Canada
Toronto	Ontario	Canada
Peel	Ontario	Canada
Dufferin	Ontario	Canada
Wellington	Ontario	Canada
Halton	Ontario	Canada
Hamilton	Ontario	Canada
Niagara	Ontario	Canada
Haldimand-Norfolk	Ontario	Canada
Brant	Ontario	Canada
Waterloo	Ontario	Canada
Perth	Ontario	Canada
Oxford	Ontario	Canada
Elgin	Ontario	Canada
Chatham-Kent	Ontario	Canada
Essex	Ontario	Canada
Lambton	Ontario	Canada
Middlesex	Ontario	Canada
Huron	Ontario	Canada
Bruce	Ontario	Canada
Grey	Ontario	Canada
Simcoe	Ontario	Canada
Muskoka	Ontario	Canada
Haliburton	Ontario	Canada
Renfrew	Ontario	Canada
Nipissing	Ontario	Canada
Parry Sound	Ontario	Canada
Manitoulin	Ontario	Canada
Sudbury	Ontario	Canada
Greater Sudbury / Grand Sudbury	Ontario	Canada
Timiskaming	Ontario	Canada
Cochrane	Ontario	Canada
Algoma	Ontario	Canada
Thunder Bay	Ontario	Canada
Rainy River	Ontario	Canada
Kenora	Ontario	Canada
St. Louis	Minnesota	USA
Lake	Minnesota	USA
King	Washington	USA
Becker	Minnesota	USA
Douglas	Wisconsin	USA
Iron	Wisconsin	USA
Piscataquis	Maine	USA
Pine	Minnesota	USA
Oxford	Maine	USA
Coos	New Hampshire	USA
Washington	Minnesota	USA
Hennepin	Minnesota	USA
Ramsey	Minnesota	USA
Clinton	New York	USA
Franklin	New York	USA
Dakota	Minnesota	USA
Pierce	Wisconsin	USA
Lamoille	Vermont	USA
Goodhue	Minnesota	USA
Essex	New York	USA
Washington	Vermont	USA
Hancock	Maine	USA
Grafton	New Hampshire	USA
Orange	Vermont	USA
Hamilton	New York	USA
Windsor	Vermont	USA
Rutland	Vermont	USA
Fillmore	Minnesota	USA
Washington	New York	USA
Warren	New York	USA
Merrimack	New Hampshire	USA
Richland	Wisconsin	USA
Crawford	Wisconsin	USA
Bennington	Vermont	USA
Rockingham	New Hampshire	USA
Windham	Vermont	USA
Iowa	Wisconsin	USA
Grant	Wisconsin	USA
Clayton	Iowa	USA
Montgomery	New York	USA
Schoharie	New York	USA
Lafayette	Wisconsin	USA
Albany	New York	USA
Berkshire	Massachusetts	USA
Franklin	Massachusetts	USA
Middlesex	Massachusetts	USA
Dubuque	Iowa	USA
Webster	Iowa	USA
Jo Daviess	Illinois	USA
Columbia	New York	USA
Jackson	Iowa	USA
Hampden	Massachusetts	USA
Norfolk	Massachusetts	USA
Ulster	New York	USA
Barnstable	Massachusetts	USA
Litchfield	Connecticut	USA
Hartford	Connecticut	USA
Sullivan	New York	USA
Jasper	Iowa	USA
Geauga	Ohio	USA
New London	Connecticut	USA
Newport	Rhode Island	USA
Fairfield	Connecticut	USA
Lackawanna	Pennsylvania	USA
LaSalle	Illinois	USA
Orange	New York	USA
Cuyahoga	Ohio	USA
Forest	Pennsylvania	USA
Lycoming	Pennsylvania	USA
Sullivan	Pennsylvania	USA
Putnam	New York	USA
Sandusky	Ohio	USA
Clinton	Pennsylvania	USA
Dukes	Massachusetts	USA
Clarion	Pennsylvania	USA
Luzerne	Pennsylvania	USA
Jefferson	Pennsylvania	USA
Summit	Ohio	USA
Portage	Ohio	USA
Columbia	Pennsylvania	USA
Medina	Ohio	USA
Centre	Pennsylvania	USA
Clearfield	Pennsylvania	USA
Monroe	Pennsylvania	USA
Sarpy	Nebraska	USA
Northumberland	Pennsylvania	USA
Butler	Pennsylvania	USA
Armstrong	Pennsylvania	USA
Carbon	Pennsylvania	USA
Lawrence	Pennsylvania	USA
Warren	New Jersey	USA
Morris	New Jersey	USA
Des Moines	Iowa	USA
Cass	Nebraska	USA
Ashland	Ohio	USA
Wayne	Ohio	USA
Schuylkill	Pennsylvania	USA
Van Buren	Iowa	USA
Beaver	Pennsylvania	USA
Mifflin	Pennsylvania	USA
Suffolk	New York	USA
Blair	Pennsylvania	USA
Huntingdon	Pennsylvania	USA
Cambria	Pennsylvania	USA
Westmoreland	Pennsylvania	USA
Bucks	Pennsylvania	USA
Jefferson	Ohio	USA
Union	Ohio	USA
Bedford	Pennsylvania	USA
Cumberland	Pennsylvania	USA
Somerset	Pennsylvania	USA
York	Pennsylvania	USA
Adams	Illinois	USA
Vermillion	Indiana	USA
Fulton	Pennsylvania	USA
Franklin	Ohio	USA
Fayette	Pennsylvania	USA
Madison	Ohio	USA
Marion	Missouri	USA
Preble	Ohio	USA
Pike	Illinois	USA
New Castle	Delaware	USA
Buchanan	Missouri	USA
Washington	Maryland	USA
Allegany	Maryland	USA
Garrett	Maryland	USA
Monongalia	West Virginia	USA
Preston	West Virginia	USA
Wetzel	West Virginia	USA
Ralls	Missouri	USA
Hocking	Ohio	USA
Mineral	West Virginia	USA
Pike	Missouri	USA
Warren	Ohio	USA
Athens	Ohio	USA
Jefferson	West Virginia	USA
Frederick	Virginia	USA
Clay	Missouri	USA
Monroe	Indiana	USA
Grant	West Virginia	USA
Tucker	West Virginia	USA
Boone	Missouri	USA
Hardy	West Virginia	USA
Jackson	Missouri	USA
Lincoln	Missouri	USA
Jackson	Ohio	USA
Jennings	Indiana	USA
Greene	Indiana	USA
Randolph	West Virginia	USA
Callaway	Missouri	USA
Cooper	Missouri	USA
Madison	Illinois	USA
Warren	Missouri	USA
Lawrence	Indiana	USA
Pendleton	West Virginia	USA
Jefferson	Indiana	USA
Moniteau	Missouri	USA
Martin	Indiana	USA
St. Louis County	Missouri	USA
Rockingham	Virginia	USA
Lawrence	Ohio	USA
Washington	Indiana	USA
Cole	Missouri	USA
Pocahontas	West Virginia	USA
Franklin	Missouri	USA
Orange	Indiana	USA
Highland	Virginia	USA
Monroe	Illinois	USA
Carter	Kentucky	USA
Jefferson	Missouri	USA
Scott	Kentucky	USA
Augusta	Virginia	USA
Miller	Missouri	USA
Crawford	Indiana	USA
Harrison	Indiana	USA
Elliott	Kentucky	USA
Bath	Virginia	USA
Greenbrier	West Virginia	USA
Camden	Missouri	USA
Fayette	West Virginia	USA
St. Clair	Missouri	USA
Crawford	Missouri	USA
Fayette	Kentucky	USA
Washington	Missouri	USA
Meade	Kentucky	USA
Phelps	Missouri	USA
Ste. Genevieve	Missouri	USA
St. Francois	Missouri	USA
Hickory	Missouri	USA
Breckinridge	Kentucky	USA
Pulaski	Missouri	USA
Hardin	Kentucky	USA
Alleghany	Virginia	USA
Jackson	Illinois	USA
Daviess	Kentucky	USA
Saline	Illinois	USA
Perry	Missouri	USA
Dallas	Missouri	USA
Cedar	Missouri	USA
Laclede	Missouri	USA
Estill	Kentucky	USA
Garrard	Kentucky	USA
Botetourt	Virginia	USA
Dent	Missouri	USA
Iron	Missouri	USA
Monroe	West Virginia	USA
Lee	Kentucky	USA
Craig	Virginia	USA
Hardin	Illinois	USA
Pope	Illinois	USA
Texas	Missouri	USA
Union	Illinois	USA
Johnson	Illinois	USA
Mercer	West Virginia	USA
Dade	Missouri	USA
Jackson	Kentucky	USA
Chesterfield	Virginia	USA
Rockcastle	Kentucky	USA
Wright	Missouri	USA
Giles	Virginia	USA
Hart	Kentucky	USA
Greene	Missouri	USA
Shannon	Missouri	USA
Roanoke	Virginia	USA
Montgomery	Virginia	USA
Pulaski	Kentucky	USA
Alexander	Illinois	USA
Tazewell	Virginia	USA
Edmonson	Kentucky	USA
Bland	Virginia	USA
Letcher	Kentucky	USA
Pulaski	Virginia	USA
Wise	Virginia	USA
Warren	Kentucky	USA
Barren	Kentucky	USA
Christian	Kentucky	USA
Russell	Virginia	USA
Carter	Missouri	USA
Christian	Missouri	USA
Douglas	Missouri	USA
Howell	Missouri	USA
Smyth	Virginia	USA
Trigg	Kentucky	USA
Wayne	Kentucky	USA
Stone	Missouri	USA
Whitley	Kentucky	USA
Bell	Kentucky	USA
Barry	Missouri	USA
Lee	Virginia	USA
Scott	Virginia	USA
Oregon	Missouri	USA
Taney	Missouri	USA
Ozark	Missouri	USA
McDonald	Missouri	USA
Stewart	Tennessee	USA
Delaware	Oklahoma	USA
Robertson	Tennessee	USA
Sumner	Tennessee	USA
Montgomery	Tennessee	USA
Macon	Tennessee	USA
Clay	Tennessee	USA
Pickett	Tennessee	USA
Sullivan	Tennessee	USA
Hancock	Tennessee	USA
Claiborne	Tennessee	USA
Campbell	Tennessee	USA
Hawkins	Tennessee	USA
Fentress	Tennessee	USA
Overton	Tennessee	USA
Jackson	Tennessee	USA
Carter	Tennessee	USA
Baxter	Arkansas	USA
Benton	Arkansas	USA
Marion	Arkansas	USA
Boone	Arkansas	USA
Union	Tennessee	USA
Smith	Tennessee	USA
Grainger	Tennessee	USA
Greene	Tennessee	USA
Houston	Tennessee	USA
Hamblen	Tennessee	USA
Dickson	Tennessee	USA
Putnam	Tennessee	USA
Madison	Arkansas	USA
Anderson	Tennessee	USA
Avery	North Carolina	USA
Izard	Arkansas	USA
Humphreys	Tennessee	USA
Washington	Arkansas	USA
Cherokee	Oklahoma	USA
Cumberland	Tennessee	USA
Adair	Oklahoma	USA
DeKalb	Tennessee	USA
Newton	Arkansas	USA
Searcy	Arkansas	USA
Stone	Arkansas	USA
White	Tennessee	USA
Yancey	North Carolina	USA
Roane	Tennessee	USA
Hickman	Tennessee	USA
Cannon	Tennessee	USA
McDowell	North Carolina	USA
Independence	Arkansas	USA
Blount	Tennessee	USA
Warren	Tennessee	USA
Maury	Tennessee	USA
Perry	Tennessee	USA
Van Buren	Tennessee	USA
Buncombe	North Carolina	USA
Haywood	North Carolina	USA
Franklin	Arkansas	USA
Crawford	Arkansas	USA
Meigs	Tennessee	USA
Marshall	Tennessee	USA
Coffee	Tennessee	USA
Bedford	Tennessee	USA
Swain	North Carolina	USA
Lewis	Tennessee	USA
Rutherford	North Carolina	USA
Sequatchie	Tennessee	USA
Grundy	Tennessee	USA
Jackson	North Carolina	USA
Stanly	North Carolina	USA
Wayne	Tennessee	USA
Hamilton	Tennessee	USA
Lawrence	Tennessee	USA
Giles	Tennessee	USA
Transylvania	North Carolina	USA
Franklin	Tennessee	USA
Marion	Tennessee	USA
Cherokee	North Carolina	USA
Polk	Tennessee	USA
Collingsworth	Texas	USA
Pickens	South Carolina	USA
Oconee	South Carolina	USA
Lauderdale	Alabama	USA
Limestone	Alabama	USA
Rabun	Georgia	USA
Jackson	Alabama	USA
Dade	Georgia	USA
Walker	Georgia	USA
Colbert	Alabama	USA
DeKalb	Alabama	USA
Gilmer	Georgia	USA
Lawrence	Alabama	USA
Garland	Arkansas	USA
Childress	Texas	USA
Polk	Arkansas	USA
Morgan	Alabama	USA
Dawson	Georgia	USA
Union	Mississippi	USA
Marshall	Alabama	USA
Floyd	Georgia	USA
Chattooga	Georgia	USA
Franklin	Alabama	USA
Hardeman	Texas	USA
Pickens	Georgia	USA
Bartow	Georgia	USA
Cottle	Texas	USA
Richland	South Carolina	USA
Polk	Georgia	USA
Paulding	Georgia	USA
Calhoun	Alabama	USA
King	Texas	USA
Shelby	Alabama	USA
Winston	Mississippi	USA
Bibb	Alabama	USA
Scurry	Texas	USA
Neshoba	Mississippi	USA
Jasper	Mississippi	USA
Smith	Mississippi	USA
Keweenaw	Michigan	USA
Houghton	Michigan	USA
Ontonagon	Michigan	USA
Marquette	Michigan	USA
Gogebic	Michigan	USA
Alger	Michigan	USA
Dickinson	Michigan	USA
Mackinac	Michigan	USA
Delta	Michigan	USA
Door	Wisconsin	USA
Alpena	Michigan	USA
Manistee	Michigan	USA
Jefferson	New York	USA
Manitowoc	Wisconsin	USA
Lewis	New York	USA
Clare	Michigan	USA
Sauk	Wisconsin	USA
Dodge	Wisconsin	USA
Dane	Wisconsin	USA
Onondaga	New York	USA
Erie	New York	USA
Livingston	New York	USA
Green	Wisconsin	USA
Cattaraugus	New York	USA
Carroll	Illinois	USA
Tioga	Pennsylvania	USA
Warren	Pennsylvania	USA
Itasca	Minnesota	USA
Kittitas	Washington	USA
Mercer	North Dakota	USA
Pierce	Washington	USA
Lewis	Washington	USA
Polk	Wisconsin	USA
St. Croix	Wisconsin	USA
Pepin	Wisconsin	USA
Jackson	Wisconsin	USA
Wabasha	Minnesota	USA
Juneau	Wisconsin	USA
Olmsted	Minnesota	USA
Winona	Minnesota	USA
Monroe	Wisconsin	USA
La Crosse	Wisconsin	USA
Jackson	South Dakota	USA
Custer	South Dakota	USA
Vernon	Wisconsin	USA
Niobrara	Wyoming	USA
Dixon	Nebraska	USA
Goshen	Wyoming	USA
Lancaster	Nebraska	USA
Plumas	California	USA
Rooks	Kansas	USA
Pratt	Kansas	USA
Kiowa	Kansas	USA
Barber	Kansas	USA
Comanche	Kansas	USA
Cherokee	Kansas	USA
Newton	Missouri	USA
Ottawa	Oklahoma	USA
Woods	Oklahoma	USA
Woodward	Oklahoma	USA
Stokes	North Carolina	USA
Madison	North Carolina	USA
Rowan	North Carolina	USA
Sequoyah	Oklahoma	USA
Wheeler	Texas	USA
Montgomery	North Carolina	USA
Gaston	North Carolina	USA
Le Flore	Oklahoma	USA
Greenville	South Carolina	USA
Spartanburg	South Carolina	USA
Cherokee	South Carolina	USA
York	South Carolina	USA
Lancaster	South Carolina	USA
Madison	Alabama	USA
Catoosa	Georgia	USA
Union	Georgia	USA
Union	South Carolina	USA
Habersham	Georgia	USA
Laurens	South Carolina	USA
Blount	Alabama	USA
Foard	Texas	USA
Wayne	Mississippi	USA
San Saba	Texas	USA
Sutton	Texas	USA
Blanco	Texas	USA
Liberty	Texas	USA
Hays	Texas	USA
Val Verde	Texas	USA
Kerr	Texas	USA
Kendall	Texas	USA
Comal	Texas	USA
Bandera	Texas	USA
Bexar	Texas	USA
Victoria	Texas	USA
Frio	Texas	USA
Baraga	Michigan	USA
Emmet	Michigan	USA
Grand Traverse	Michigan	USA
Calumet	Wisconsin	USA
Lake	Michigan	USA
Columbia	Wisconsin	USA
Washington	Wisconsin	USA
